<?xml version="1.0" encoding="UTF-8"?>
<project-private xmlns="http://www.netbeans.org/ns/project-private/1">
    <editor-bookmarks xmlns="http://www.netbeans.org/ns/editor-bookmarks/2" lastBookmarkId="0"/>
    <open-files xmlns="http://www.netbeans.org/ns/projectui-open-files/2">
        <group>
            <file>file:/F:/Kuliah/TUGAS/OOP/Tugas_9/UAS/src/uas/Home.java</file>
            <file>file:/F:/Kuliah/TUGAS/OOP/Tugas_9/UAS/src/uas/About.java</file>
            <file>file:/F:/Kuliah/TUGAS/OOP/Tugas_9/UAS/src/uas/Login.java</file>
        </group>
    </open-files>
</project-private>
